pseudo_sector,label_level,n_events,n_tickers,n_capture_ret_abn,n_capture_ret,n_drop_ratio,event_share_of_analysis,ticker_share_of_analysis,mean_capture_ret_abn,stddev_capture_ret_abn,se_capture_ret_abn,ci95_low_capture_ret_abn,ci95_high_capture_ret_abn,median_capture_ret_abn,p25_capture_ret_abn,p75_capture_ret_abn,positive_capture_ret_abn_rate,mean_capture_ret,median_capture_ret,mean_drop_ratio,median_drop_ratio,p25_drop_ratio,p75_drop_ratio,drop_ratio_lt_1_rate,low_n_flag,low_ticker_flag,report_eligible_flag
SIC 67,hybrid,1571,62,1571,1571,1571,0.23325909428359318,0.1341991341991342,0.002433043481234956,0.03838011186401108,0.0009683183092305396,0.0005351395951430984,0.004330947367326814,0.001068983897195524,-0.0030690537084397777,0.005717406941898829,0.5684277530235519,0.0024776651683849397,0.0014705882352941068,0.8265165539448449,0.8924999999999961,0.4424778761061984,1.200000000000002,0.5907065563335455,False,False,True
SIC 60,hybrid,787,45,787,787,787,0.11685226429101707,0.09740259740259741,0.003767460951492297,0.013661750097769909,0.00048698879720919985,0.0028129629089622653,0.004721958994022329,0.0028941630171087813,-0.00333459298978396,0.00949558698144964,0.6073697585768743,0.003958007881078961,0.003533403196622608,-0.005088548551532093,0.7058823529411753,0.0,1.3409090909090906,0.6378653113087674,False,False,True
SIC 73,hybrid,540,72,540,540,540,0.0801781737193764,0.15584415584415584,0.004562354212407689,0.03295576984598095,0.0014181905308325421,0.0017827007719759063,0.007342007652839471,0.0016364878620532747,-0.003741170864496694,0.008421975703668856,0.5796296296296296,0.004751208799727254,0.002234309623431087,1.0986555548740846,0.8781979378315651,0.28571428571428686,1.3265306122449096,0.5888888888888889,False,False,True
SIC 65,hybrid,462,19,462,462,462,0.06859688195991091,0.04112554112554113,0.0013753474883459555,0.0163534603755142,0.0007608318332396506,-0.00011588290480375957,0.0028665778814956707,0.0006068802599767612,-0.0036040433562902555,0.004870754275773661,0.5324675324675324,0.0018053981156009999,0.0007639419404125071,0.8692655662323964,0.9393939393939355,0.4264901566071764,1.3239187996469424,0.5627705627705628,False,False,True
SIC 62,hybrid,436,14,436,436,436,0.06473645137342242,0.030303030303030304,0.0013027506739337878,0.006629676553875122,0.00031750392329079865,0.0006804429842838225,0.001925058363583753,0.0005814555757366738,-0.002138001882725566,0.004217876500112554,0.5596330275229358,0.0021544429764167147,0.0011402508551881093,0.756952940686595,0.8750000000000036,0.3809523809523728,1.1951219512195128,0.6307339449541285,False,False,True
Transportation & Public Utilities (other),hybrid,415,30,415,415,415,0.06161841128433556,0.06493506493506493,0.0030796563815072534,0.02341753737902748,0.0011495216992749525,0.0008265938509283465,0.00533271891208616,0.0009034750216478618,-0.003927302197194881,0.007212983143088209,0.5518072289156627,0.003412435122903344,0.0022338049143707807,0.7270877739653687,0.8447204968944095,0.3048780487804878,1.3636363636363669,0.5879518072289157,False,False,True
Manufacturing (other),hybrid,411,36,411,411,411,0.06102449888641425,0.07792207792207792,0.0012079051928901366,0.013101300647312533,0.0006462395032044063,-5.872423339049965e-05,0.002474534619170773,0.0010055530507757258,-0.004724636840367178,0.008488247365196665,0.5523114355231143,0.0012912544684938205,0.0013101529051987647,0.7997904990635856,0.9193548387096802,0.11462631820265282,1.5384615384615057,0.5571776155717761,False,False,True
SIC 49,hybrid,340,25,340,340,340,0.050482553823311065,0.05411255411255411,0.0008837348265953668,0.014251839132809606,0.0007729144969595569,-0.0006311775874453648,0.002398647240636098,0.0007800287009139485,-0.0033484754723486863,0.006441262926486313,0.5529411764705883,0.002037390711709588,0.002021018593371088,1.0419900097185681,0.8275862068965504,0.23328512107497285,1.250000000000005,0.6029411764705882,False,False,True
Mining (other),hybrid,305,24,305,305,305,0.04528582034149963,0.05194805194805195,0.0015568007656397635,0.015439349002390704,0.00088405455216594,-0.00017594615660547898,0.003289547687885006,0.00206346829773837,-0.006190789387431403,0.00944829582274958,0.5770491803278689,0.0012016888960546639,0.002199223803363585,1.1398601935466708,0.6428571428571418,-1.100000000000012,2.16666666666667,0.5836065573770491,False,False,True
SIC 28,hybrid,272,31,272,272,272,0.040386043058648846,0.0670995670995671,0.004387293947492606,0.01852712946676499,0.0011233722313377273,0.0021854843740706604,0.006589103520914551,0.0020465931863726528,-0.004780973283806345,0.009718606892425135,0.5845588235294118,0.004046445318403418,0.0024630541871921686,0.9286998694863349,0.8228571428571415,0.3555198004213432,1.335356600910469,0.5992647058823529,False,False,True
SIC 48,hybrid,188,12,188,188,188,0.02791388270230141,0.025974025974025976,0.0014770530941449012,0.010890006091615759,0.0007942353229827763,-7.964813890134039e-05,0.0030337543271911427,0.0019287234109024792,-0.004431513305151795,0.006605071900230547,0.5904255319148937,0.002098619507788217,0.002579936160510761,1.01104950701369,0.8019821622283264,0.5395912841291459,1.1516758168987529,0.6329787234042553,False,False,True
SIC 63,hybrid,177,11,177,177,177,0.026280623608017816,0.023809523809523808,0.0016669726809098791,0.008567413365069668,0.0006439662226112966,0.0004047988845917378,0.0029291464772280206,0.0011665261987444725,-0.0016818423677594807,0.004041898257992921,0.6384180790960452,0.0018803128017617634,0.0013452914798206589,0.9131805354349949,0.9333333333333331,0.68888888888889,1.1111111111111112,0.6101694915254238,False,False,True
SIC 36,hybrid,168,19,168,168,168,0.024944320712694878,0.04112554112554113,0.0030381643883577885,0.019153334068904085,0.0014777118048874824,0.0001418492507783229,0.005934479525937254,0.0012882651558876728,-0.003007992831239305,0.010410180496385207,0.6130952380952381,0.0038684333419937702,0.003467153284671524,0.7483129635759047,0.7931034482758635,0.0,1.162763656659146,0.6309523809523809,False,False,True
SIC 13,hybrid,159,9,159,159,159,0.023608017817371936,0.01948051948051948,-0.0017597184076849827,0.023846912719326555,0.0018911831946544105,-0.005466437469207627,0.0019470006538376617,0.0008286574539944221,-0.008421080556187547,0.010364897889145568,0.5031446540880503,-2.6009604497647137e-05,0.0016706083390293379,0.7425936603871457,0.8857142857142821,0.018348623853207357,1.4393939393939355,0.5849056603773585,False,False,True
SIC 20,hybrid,124,10,124,124,124,0.018411284335560506,0.021645021645021644,0.004509452305897039,0.013463519075197357,0.0012090597049220332,0.002139695284249854,0.006879209327544224,0.0032757340125904007,-0.0035039188566159314,0.00941779239477673,0.6048387096774194,0.00506630679286906,0.003407639758624687,0.4976748378635715,0.7647058823529457,0.28865090015510964,1.1000000000000032,0.6370967741935484,False,False,True
SIC 38,hybrid,77,9,77,77,77,0.011432813659985152,0.01948051948051948,0.0009950770831099753,0.024331383247801368,0.0027728184609798214,-0.004439647100410475,0.006429801266630425,0.000862084650810376,-0.00682056849501132,0.005592851345918754,0.5194805194805194,0.0021190586365269133,0.0012332990750256823,0.7585757641489561,0.9333333333333312,0.30303030303030326,1.3333333333333346,0.5454545454545454,False,False,True
SIC 35,hybrid,69,6,69,69,69,0.010244988864142539,0.012987012987012988,0.0011152201064591652,0.011753031321152784,0.0014148987019407429,-0.0016579813493446908,0.0038884215622630213,0.0005013675857055973,-0.006914416232384502,0.007369475081448476,0.5507246376811594,0.00152282246575643,0.0006680533463845369,0.9453643094309114,0.8882521489971179,-0.31295965949988375,1.8793012175754389,0.5217391304347826,False,False,True
Retail Trade (other),hybrid,48,5,48,48,48,0.0071269487750556795,0.010822510822510822,0.0011199806210962797,0.010762413690429112,0.0015534206103248404,-0.0019247237751404075,0.004164685017332967,0.0008356308420886874,-0.004511281498496127,0.004410832779349615,0.5833333333333334,0.0006760997190543007,-0.0002254595907040932,0.3509567507422949,0.9030347890451509,0.25641025641029647,1.6000000000000227,0.5,False,False,True
SIC 61,hybrid,44,3,44,44,44,0.006533036377134373,0.006493506493506494,-0.0006611802057672668,0.005927813994435073,0.0008936515839345013,-0.0024127373102788893,0.001090376898744356,0.00040760072367044013,-0.0030289146092003483,0.002146822109424143,0.5227272727272727,0.002404609859749997,0.0023596035865974517,1.0621843261578847,0.7826086956521804,0.1999999999999602,0.9999999999999787,0.7727272727272727,False,True,False
Services (other),hybrid,28,7,28,28,28,0.004157386785449147,0.015151515151515152,0.0005524787967732819,0.014882201962408864,0.0028124718109693767,-0.004959965952726696,0.006064923546273261,-0.0003442717169785479,-0.008056456947254712,0.0048076229626422915,0.42857142857142855,-0.0010516056539055794,-0.0027034855653180765,0.5424581630070325,1.1117824773413896,0.49999999999998934,1.5977443609022717,0.4642857142857143,True,False,False
SIC 37,hybrid,26,4,26,26,26,0.003860430586488493,0.008658008658008658,0.004611063657373336,0.014975314710942279,0.0029369008435879917,-0.0011452619960591274,0.010367389310805799,0.0041415842165452,-0.00381642499224434,0.013405596295612705,0.6153846153846154,0.005359657355958041,0.004015281509002492,0.6499531971409146,0.7620728856668871,0.11467188551158843,1.2452830188679247,0.6153846153846154,True,True,False
SIC 87,hybrid,24,3,24,24,24,0.0035634743875278397,0.006493506493506494,0.002416912247729115,0.012508287221517488,0.002553243437407749,-0.0025874448895900734,0.0074212693850483034,-0.0005754255193846126,-0.0017196563926542628,0.0037180922721057733,0.4166666666666667,0.004665621156606369,0.0021182451515722087,0.6524859399859478,0.4285714285714448,-0.12121212121214016,0.9333333333333687,0.7916666666666666,True,True,False
Construction (other),hybrid,20,1,20,20,20,0.002969561989606533,0.0021645021645021645,0.00382504308146272,0.009420830352108384,0.0021065617071807626,-0.00030381786461157424,0.007953904027537014,0.003922712441909245,0.0013813979432635768,0.009783147848797183,0.8,0.005845836760372196,0.005294117647058732,-0.3008333333333312,0.08333333333333157,-1.1000000000000298,0.6666666666666673,0.9,True,True,False
SIC 34,hybrid,20,1,20,20,20,0.002969561989606533,0.0021645021645021645,-0.001071423996200803,0.0051593143622127,0.0011536577631198568,-0.0033325932119157224,0.0011897452195141164,-0.0005896634703767426,-0.004560012078272328,0.002370452179220626,0.5,-0.0037666531924982712,-0.0008573655494934413,1.580494434293988,1.0526315789473684,0.31578947368420757,1.8762886597938075,0.4,True,True,False
OTHER,hybrid,11,2,11,11,11,0.0016332590942835933,0.004329004329004329,0.0037900057924340007,0.014217349238568145,0.004286692085252325,-0.004611910694660555,0.012191922279528557,-1.8962655864126002e-06,-0.010667449421930767,0.012255958653831412,0.45454545454545453,0.0011897189875651351,-0.0018034265103696516,1.0664986739594382,1.221949708041299,0.2511742395699899,1.7969281985321972,0.45454545454545453,True,True,False
SIC 80,hybrid,10,1,10,10,10,0.0014847809948032665,0.0021645021645021645,0.0006823009396218171,0.005870485279188513,0.0018564104452725165,-0.002956263533112315,0.004320865412355949,-0.0002106146919134298,-0.003937545285084284,0.001672902070960971,0.5,0.002115388872818607,-0.0014989330746848955,0.8193426885003561,0.9293356411835096,0.11564570780955218,1.318627497150828,0.5,True,True,False
SIC 58,hybrid,3,1,3,3,3,0.00044543429844097997,0.0021645021645021645,0.036156724101563835,0.03735024271179844,0.021564172683954688,-0.0061090543589873494,0.07842250256211503,0.01638428482204844,0.012849139886781755,0.07923674759586131,1.0,0.038412977997013785,0.020512820512820502,-0.14040404040403992,0.33333333333333365,-1.4999999999999991,0.7454545454545457,1.0,True,True,False
